{
  "location": {
    "city": "Ho Chi Minh City",
    "latitude": 10.823,
    "longitude": 106.6296,
    "timezone": "Asia/Bangkok"
  },
  "time_range": {
    "year": 2024,
    "frequency": "hourly"
  },
  "sources": {
    "weather": {
      "provider": "Meteostat",
      "station_id": "48900",
      "station_name": "Tan Son Nhat Airport",
      "version": "v2.0",
      "url": "https://meteostat.net",
      "variables": [
        "temp",
        "prcp",
        "wspd",
        "wdir",
        "pres"
      ],
      "file": "data/meteostat_hcm_2024.csv"
    },
    "air_quality": {
      "provider": "Open-Meteo",
      "api": "Air Quality API v1",
      "model": "CAMS Global (ECMWF)",
      "domain": "cams_global",
      "url": "https://open-meteo.com",
      "variables": [
        "pm10",
        "pm2_5",
        "uv_index",
        "ozone",
        "cacbon_monoxide"
      ],
      "file": "data/openmeteo_hcm_2024.csv"
    }
  },
  "combined_file": "data/combined_hcm_2024.csv",
  "generated_on": "2025-11-03"
}