time,temperature_mean,temperature_p50,temperature_p95,precipitation_sum,wind_speed_mean,wind_direction_mean,air_pressure,pm10_mean,pm10_p95,pm2_5_mean,pm2_5_p95,uv_index_max,ozone_mean,carbon_monoxide_mean,qa_flags
2024-01-01 00:00:00+07:00,28.17,28.0,32.0,0.0,6.17,293.52,1011.33,52.43,87.51,34.96,58.87,7.65,61.67,594.5,
2024-01-02 00:00:00+07:00,28.58,28.0,33.0,0.0,6.28,345.7,1010.88,63.3,79.61,42.19,53.08,6.15,63.46,644.75,
2024-01-03 00:00:00+07:00,28.62,28.0,32.85,0.0,7.07,310.6,1010.88,46.87,57.68,30.86,39.38,7.3,61.29,545.46,
2024-01-04 00:00:00+07:00,28.17,28.0,32.0,0.0,6.84,329.83,1011.38,43.51,57.0,28.62,36.58,8.35,73.83,520.33,
2024-01-05 00:00:00+07:00,27.67,28.0,30.85,0.0,5.05,341.53,1012.25,40.06,48.06,26.06,31.26,7.5,70.67,507.79,
2024-01-06 00:00:00+07:00,28.67,28.0,33.0,0.3,6.08,13.61,1011.71,54.92,75.34,36.09,48.87,8.0,73.83,643.38,
2024-01-07 00:00:00+07:00,28.83,28.0,33.85,0.0,6.92,143.73,1012.17,40.75,52.14,26.42,32.74,8.3,70.54,514.79,
2024-01-08 00:00:00+07:00,28.58,28.5,32.0,0.0,5.03,82.68,1012.08,40.99,70.45,26.35,46.21,5.65,56.58,516.21,
2024-01-09 00:00:00+07:00,28.83,28.0,33.0,0.0,7.34,88.74,1011.21,40.29,53.78,25.64,34.18,8.45,69.38,437.42,
2024-01-10 00:00:00+07:00,29.29,29.0,33.85,0.0,9.02,121.05,1010.62,37.97,65.06,24.4,43.15,6.8,68.83,368.25,
2024-01-11 00:00:00+07:00,28.5,28.0,33.0,0.0,7.9,121.11,1011.12,35.5,64.65,23.34,42.49,7.7,76.0,408.33,
2024-01-12 00:00:00+07:00,27.54,27.5,32.0,0.0,7.9,125.42,1011.08,39.8,57.48,25.6,37.6,7.7,86.67,460.38,
2024-01-13 00:00:00+07:00,27.12,27.0,31.0,0.0,5.08,69.39,1011.29,46.5,70.23,30.01,45.76,7.8,82.58,556.38,
2024-01-14 00:00:00+07:00,27.33,27.0,32.0,0.0,5.28,359.59,1011.96,55.48,84.76,36.94,56.67,8.5,85.92,679.96,
2024-01-15 00:00:00+07:00,27.75,28.0,33.0,0.0,6.77,38.39,1011.54,50.55,59.58,33.66,39.87,9.3,70.88,644.33,
2024-01-16 00:00:00+07:00,28.25,28.0,33.0,0.0,6.27,44.96,1011.29,46.15,60.95,30.42,39.0,9.9,64.25,650.83,
2024-01-17 00:00:00+07:00,28.96,29.0,34.0,0.0,6.65,96.15,1011.19,31.88,39.32,20.66,26.09,10.05,66.33,463.12,
2024-01-18 00:00:00+07:00,29.04,28.5,34.0,0.0,6.69,101.71,1010.83,32.42,50.78,21.08,33.13,8.55,75.75,427.33,
2024-01-19 00:00:00+07:00,28.62,28.0,33.85,0.0,7.48,115.95,1010.71,32.88,61.24,21.5,40.89,8.95,80.42,399.25,
2024-01-20 00:00:00+07:00,27.88,27.5,32.0,0.0,8.5,134.07,1011.42,35.13,59.91,22.8,40.16,8.05,77.88,351.42,
2024-01-21 00:00:00+07:00,28.04,28.0,32.0,0.0,9.24,118.68,1012.46,34.43,58.99,22.0,38.92,7.05,77.79,330.21,
2024-01-22 00:00:00+07:00,29.29,28.5,34.85,0.0,10.94,113.12,1012.58,22.82,33.9,14.91,22.8,10.6,70.79,307.46,
2024-01-23 00:00:00+07:00,28.75,28.0,34.0,0.0,8.31,88.06,1013.33,25.96,34.5,16.58,21.9,10.25,68.5,335.29,
2024-01-24 00:00:00+07:00,28.71,27.5,35.0,0.0,8.86,137.34,1013.79,23.62,28.7,15.66,18.41,10.7,62.58,489.33,
2024-01-25 00:00:00+07:00,29.08,29.0,33.85,0.0,8.31,94.38,1015.29,26.65,38.07,17.82,25.33,11.05,67.88,539.33,
2024-01-26 00:00:00+07:00,28.88,28.0,33.85,0.0,8.05,82.71,1016.17,33.32,50.67,21.76,33.14,11.1,78.29,556.96,
2024-01-27 00:00:00+07:00,28.58,28.0,34.0,0.0,9.01,83.22,1015.33,37.72,51.41,24.98,34.52,10.45,90.5,551.88,
2024-01-28 00:00:00+07:00,28.92,28.5,34.0,0.0,10.04,103.77,1015.38,31.22,38.88,20.12,25.18,10.8,83.25,490.08,
2024-01-29 00:00:00+07:00,29.0,28.5,34.0,0.0,8.16,79.96,1014.75,24.71,32.55,16.05,21.7,10.95,70.33,471.5,
2024-01-30 00:00:00+07:00,29.17,28.0,34.0,0.0,11.19,106.09,1014.17,21.6,25.74,13.6,16.28,11.0,74.54,353.38,
2024-01-31 00:00:00+07:00,29.08,28.0,34.85,0.0,11.3,111.6,1013.92,24.74,38.44,15.68,24.38,9.7,76.21,367.33,
2024-02-01 00:00:00+07:00,28.83,28.0,33.0,0.0,9.95,151.48,1014.25,25.24,43.14,15.98,27.48,9.35,76.5,350.54,
2024-02-02 00:00:00+07:00,28.12,27.0,32.0,0.0,12.4,145.98,1013.5,25.3,42.98,16.1,27.54,8.2,72.75,354.58,
2024-02-03 00:00:00+07:00,28.62,27.5,33.85,0.0,12.08,143.16,1013.46,21.95,35.3,14.03,23.56,8.85,73.67,306.96,
2024-02-04 00:00:00+07:00,28.92,28.0,33.85,0.0,9.43,149.19,1013.79,29.88,39.61,18.53,25.22,10.8,71.58,316.92,
2024-02-05 00:00:00+07:00,28.46,27.5,32.85,0.0,8.98,144.21,1013.85,27.46,38.29,17.61,25.02,8.3,72.75,310.88,
2024-02-06 00:00:00+07:00,29.04,28.0,33.85,0.0,11.82,139.35,1013.96,20.88,27.66,13.38,17.32,12.05,63.75,248.04,
2024-02-07 00:00:00+07:00,28.67,28.0,32.0,0.0,10.72,162.12,1012.84,35.67,57.54,22.22,36.46,8.65,60.0,291.25,
2024-02-08 00:00:00+07:00,28.08,27.5,31.85,0.0,10.94,148.54,1012.21,28.04,38.61,17.21,23.47,8.75,57.12,266.17,
2024-02-09 00:00:00+07:00,29.38,28.5,34.0,0.0,13.76,138.03,1013.25,27.7,38.01,17.46,24.74,10.0,57.92,314.46,
2024-02-10 00:00:00+07:00,29.25,28.5,34.85,0.0,8.53,112.01,1014.71,30.48,40.38,19.75,26.67,11.4,72.17,405.38,
2024-02-11 00:00:00+07:00,29.12,28.5,34.0,0.0,9.29,68.01,1016.25,23.59,34.82,15.94,23.75,10.5,69.38,569.62,
2024-02-12 00:00:00+07:00,28.38,29.0,34.0,0.0,8.31,54.5,1015.55,25.79,33.67,17.14,22.38,11.7,77.33,558.58,
2024-02-13 00:00:00+07:00,29.5,29.5,35.0,0.0,10.8,90.38,1013.99,23.12,32.48,15.18,21.4,12.05,69.5,465.79,
2024-02-14 00:00:00+07:00,30.54,29.5,35.85,0.0,12.26,113.15,1012.9,16.72,21.72,10.7,13.94,11.95,72.0,336.54,
2024-02-15 00:00:00+07:00,30.75,30.0,36.0,0.0,13.69,111.22,1012.92,15.58,20.18,9.94,12.6,11.15,72.42,291.17,
2024-02-16 00:00:00+07:00,30.12,29.5,35.85,0.0,12.27,110.22,1012.71,17.13,21.78,10.92,14.32,12.05,70.38,293.79,
2024-02-17 00:00:00+07:00,29.5,28.5,35.0,0.0,12.68,124.14,1011.88,18.13,24.06,11.49,14.89,11.85,69.42,267.38,
2024-02-18 00:00:00+07:00,29.25,28.5,34.85,0.0,12.22,134.38,1012.08,18.27,24.26,11.44,14.8,12.5,63.75,254.96,
2024-02-19 00:00:00+07:00,29.17,28.0,34.0,0.0,14.06,143.18,1012.22,22.21,28.47,13.28,16.88,10.95,67.42,245.42,
2024-02-20 00:00:00+07:00,28.92,28.0,33.0,0.0,12.2,158.3,1011.96,18.14,24.42,11.39,15.47,11.0,56.79,245.71,
2024-02-21 00:00:00+07:00,28.71,27.5,33.0,0.0,12.62,156.2,1011.5,17.62,23.8,11.01,14.34,9.4,55.21,248.75,
2024-02-22 00:00:00+07:00,29.33,28.0,34.0,0.0,13.54,153.35,1012.38,15.25,19.27,9.72,12.07,12.7,56.92,227.04,
2024-02-23 00:00:00+07:00,29.46,28.5,34.0,0.0,13.98,149.44,1012.62,17.18,19.37,11.03,12.26,10.1,55.71,229.46,
2024-02-24 00:00:00+07:00,30.12,29.0,35.0,0.2,15.82,140.12,1012.38,21.81,29.1,13.7,18.31,10.85,63.88,264.42,
2024-02-25 00:00:00+07:00,29.79,29.0,34.85,0.0,10.29,123.13,1011.54,24.7,31.67,15.3,19.88,10.15,76.17,288.83,
2024-02-26 00:00:00+07:00,30.42,30.0,36.0,0.0,11.2,104.49,1011.75,19.98,27.04,12.51,17.47,12.75,63.17,293.67,
2024-02-27 00:00:00+07:00,30.12,29.5,34.85,1.2,13.09,99.63,1011.21,20.23,27.14,13.25,17.17,11.5,57.79,323.54,
2024-02-28 00:00:00+07:00,30.04,29.0,35.85,0.0,13.29,127.36,1010.21,16.35,20.57,10.29,13.04,11.45,61.71,246.79,
2024-02-29 00:00:00+07:00,30.08,29.0,35.0,0.0,14.43,116.17,1010.58,17.32,23.05,10.65,14.35,13.4,74.04,236.12,
2024-03-01 00:00:00+07:00,29.96,29.5,34.85,0.0,13.02,124.93,1011.15,22.14,28.37,13.48,17.71,11.85,78.79,283.0,
2024-03-02 00:00:00+07:00,29.92,29.0,34.85,0.0,10.39,119.3,1011.12,25.61,34.18,15.88,20.72,11.65,71.54,331.75,
2024-03-03 00:00:00+07:00,29.42,28.5,34.0,0.0,10.66,119.13,1010.89,23.92,31.02,14.72,18.6,11.65,80.0,390.79,
2024-03-04 00:00:00+07:00,29.29,28.0,33.85,0.0,15.51,151.54,1010.52,26.99,41.75,15.68,23.24,10.65,78.96,302.67,
2024-03-05 00:00:00+07:00,29.04,28.0,34.0,0.0,9.39,155.42,1010.02,35.57,55.62,22.26,34.68,6.4,71.17,341.96,
2024-03-06 00:00:00+07:00,29.21,28.0,33.0,0.0,9.88,166.25,1008.81,44.78,59.3,28.99,38.86,8.25,76.92,365.71,
2024-03-07 00:00:00+07:00,29.54,28.5,34.0,0.0,12.01,165.55,1008.82,46.58,58.97,29.57,37.91,8.3,91.0,324.83,
2024-03-08 00:00:00+07:00,30.29,29.0,35.85,0.0,18.39,141.49,1010.24,22.32,25.77,13.45,16.06,12.9,66.21,223.12,
2024-03-09 00:00:00+07:00,30.0,29.5,35.85,0.0,12.12,122.17,1010.7,34.21,51.9,21.45,32.68,10.05,74.79,309.46,
2024-03-10 00:00:00+07:00,30.12,29.0,35.0,0.0,16.32,124.98,1012.39,28.27,34.24,17.49,21.42,10.1,76.21,286.54,
2024-03-11 00:00:00+07:00,30.55,30.0,35.85,0.0,12.93,122.28,1012.85,22.63,27.1,14.3,17.77,13.45,73.5,327.29,
2024-03-12 00:00:00+07:00,30.83,30.0,35.0,0.0,11.45,120.73,1012.52,25.35,31.24,15.79,19.56,12.55,74.12,370.17,
2024-03-13 00:00:00+07:00,30.12,29.0,34.0,0.0,12.08,131.84,1012.27,30.13,39.27,19.04,24.9,8.15,75.0,385.04,
2024-03-14 00:00:00+07:00,29.83,29.0,35.7,0.0,13.68,138.56,1011.88,27.12,42.6,16.45,26.44,10.2,75.17,314.83,
2024-03-15 00:00:00+07:00,29.42,28.0,34.0,0.0,16.11,145.79,1011.94,23.05,33.4,14.14,20.68,12.65,69.33,255.17,
2024-03-16 00:00:00+07:00,30.04,29.0,35.0,0.0,13.9,136.8,1012.45,28.79,33.12,17.59,20.69,12.55,66.83,274.88,
2024-03-17 00:00:00+07:00,30.33,29.5,34.85,0.0,12.92,151.26,1011.98,24.77,30.18,15.2,18.84,10.2,62.33,275.79,
2024-03-18 00:00:00+07:00,29.92,29.0,34.85,0.0,14.54,146.95,1010.64,21.31,24.48,13.13,14.87,12.5,66.12,257.62,
2024-03-19 00:00:00+07:00,29.88,29.0,35.0,0.0,16.6,136.85,1011.62,21.36,24.57,12.95,14.9,13.5,74.04,263.21,
2024-03-20 00:00:00+07:00,29.96,30.0,35.85,0.0,11.07,117.77,1012.42,29.31,34.07,18.32,21.96,11.0,74.29,376.21,
2024-03-21 00:00:00+07:00,29.96,29.0,34.85,0.6,10.24,129.37,1011.15,28.57,36.34,17.76,23.55,11.25,81.0,413.71,
2024-03-22 00:00:00+07:00,30.0,28.5,35.0,0.0,15.24,136.42,1008.97,19.24,22.58,11.58,13.5,11.9,81.17,285.79,
2024-03-23 00:00:00+07:00,29.58,29.0,33.85,0.5,15.3,149.22,1010.0,19.26,21.0,11.6,12.58,11.45,69.54,275.42,
2024-03-24 00:00:00+07:00,29.92,29.0,35.0,0.0,15.21,150.17,1011.18,19.94,23.06,12.37,14.18,12.6,62.54,282.04,
2024-03-25 00:00:00+07:00,30.04,29.0,34.85,0.2,13.78,153.7,1011.05,18.21,22.38,11.57,13.78,13.55,64.25,264.71,
2024-03-26 00:00:00+07:00,31.21,30.0,36.0,0.0,17.24,140.91,1011.9,16.55,21.46,10.05,13.08,13.9,63.54,227.12,
2024-03-27 00:00:00+07:00,31.02,29.9,36.0,0.1,12.74,125.9,1012.73,23.23,29.25,14.1,17.46,11.05,67.79,256.33,
2024-03-28 00:00:00+07:00,30.25,29.0,34.0,0.1,13.33,150.87,1011.62,26.51,38.08,15.94,23.46,11.9,57.88,263.58,
2024-03-29 00:00:00+07:00,30.21,29.0,34.0,0.0,12.92,147.41,1011.33,29.02,35.14,17.8,21.26,11.35,52.0,248.79,
2024-03-30 00:00:00+07:00,31.04,30.0,36.0,0.0,14.21,155.89,1012.33,26.1,31.26,16.17,19.58,11.8,51.04,245.46,
2024-03-31 00:00:00+07:00,31.0,30.0,35.0,0.0,10.71,162.38,1011.71,29.73,42.54,18.95,28.03,12.25,44.62,280.21,
2024-04-01 00:00:00+07:00,30.96,30.0,35.85,0.2,9.96,169.05,1009.67,30.5,50.18,19.27,31.59,9.95,67.38,269.12,
2024-04-02 00:00:00+07:00,30.88,30.0,35.0,0.2,12.76,167.45,1008.96,28.99,34.49,17.42,20.74,10.25,64.38,246.0,
2024-04-03 00:00:00+07:00,31.0,30.0,35.0,0.0,12.45,166.72,1009.42,20.98,25.18,12.68,15.26,10.95,46.88,237.38,
2024-04-04 00:00:00+07:00,31.12,30.0,35.0,0.0,11.39,162.33,1008.67,19.62,24.37,12.03,14.88,9.1,53.79,238.88,
2024-04-05 00:00:00+07:00,30.88,29.5,34.85,0.2,13.91,160.33,1008.42,21.6,29.48,12.88,17.7,8.5,60.92,222.08,
2024-04-06 00:00:00+07:00,30.67,29.0,34.85,0.0,14.6,146.68,1008.96,14.95,18.2,8.92,10.9,13.25,62.17,196.71,
2024-04-07 00:00:00+07:00,30.83,30.0,36.0,0.0,12.87,145.6,1008.42,20.14,27.0,11.89,15.4,12.35,54.79,217.42,
2024-04-08 00:00:00+07:00,31.04,30.0,35.85,0.0,12.56,148.87,1009.0,17.85,27.98,10.88,16.61,9.75,52.88,225.92,
2024-04-09 00:00:00+07:00,31.67,30.5,37.0,0.0,15.92,139.83,1009.29,17.79,22.38,11.02,14.28,12.6,57.42,200.71,
2024-04-10 00:00:00+07:00,31.88,31.0,36.85,0.4,14.52,129.76,1010.46,26.08,37.03,15.44,22.14,11.9,62.29,189.92,
2024-04-11 00:00:00+07:00,32.08,31.0,37.0,0.7,14.33,129.58,1009.79,23.37,27.0,13.88,15.97,11.95,64.42,190.0,
2024-04-12 00:00:00+07:00,32.04,31.0,37.0,0.0,13.4,135.33,1009.38,30.19,38.1,18.06,23.5,10.4,75.42,245.62,
2024-04-13 00:00:00+07:00,31.17,30.0,35.0,0.0,16.28,148.2,1009.5,26.45,34.6,15.54,20.21,9.5,68.29,222.42,
2024-04-14 00:00:00+07:00,30.75,29.5,35.0,0.0,14.52,156.37,1010.38,27.54,33.35,15.89,19.0,9.9,62.46,205.5,
2024-04-15 00:00:00+07:00,31.17,30.0,36.0,0.0,13.86,151.5,1010.79,17.62,20.8,10.6,12.37,11.15,54.08,207.54,
2024-04-16 00:00:00+07:00,31.71,30.0,36.85,0.0,16.12,143.95,1009.29,16.85,19.78,10.21,11.98,13.3,58.25,199.29,
2024-04-17 00:00:00+07:00,31.42,30.5,35.0,0.1,13.84,156.62,1009.05,19.77,26.23,11.66,14.82,10.75,54.75,230.04,
2024-04-18 00:00:00+07:00,31.38,30.5,36.0,0.0,10.57,175.54,1008.07,25.13,31.27,15.73,19.68,9.9,55.92,288.42,
2024-04-19 00:00:00+07:00,31.38,30.0,36.0,0.0,12.62,188.18,1006.97,22.45,28.91,13.43,17.28,11.7,56.25,254.33,
2024-04-20 00:00:00+07:00,31.12,30.0,35.0,0.0,13.46,174.11,1007.17,15.22,19.68,9.43,12.67,11.0,52.5,235.5,
2024-04-21 00:00:00+07:00,31.75,30.5,36.0,0.0,12.01,157.3,1007.92,15.27,21.98,9.81,14.61,11.15,51.5,241.83,
2024-04-22 00:00:00+07:00,31.46,30.5,35.0,0.0,12.4,171.28,1007.79,16.15,22.31,9.87,13.86,10.5,55.12,233.12,
2024-04-23 00:00:00+07:00,31.79,31.0,36.0,0.0,11.87,178.9,1007.33,16.82,21.65,10.78,14.07,10.8,51.38,264.25,
2024-04-24 00:00:00+07:00,31.88,31.0,36.0,1.5,12.85,162.93,1007.21,13.93,19.6,8.9,12.97,10.1,48.83,250.67,
2024-04-25 00:00:00+07:00,32.5,31.5,37.0,2.8,13.01,163.0,1007.25,15.36,19.84,9.52,12.48,11.8,47.46,238.0,
2024-04-26 00:00:00+07:00,32.62,31.0,37.0,0.8,12.86,164.49,1007.04,17.3,22.32,10.82,13.87,10.8,36.25,227.12,
2024-04-27 00:00:00+07:00,32.67,31.5,37.0,0.0,12.55,160.46,1006.71,15.5,21.38,9.92,13.96,11.8,40.58,224.67,
2024-04-28 00:00:00+07:00,33.04,32.0,38.0,0.7,12.63,178.25,1008.0,15.65,21.56,9.91,14.27,10.85,43.33,215.04,
2024-04-29 00:00:00+07:00,33.0,32.0,38.0,0.0,10.92,192.8,1008.34,24.18,33.82,15.34,21.56,10.5,36.5,277.46,
2024-04-30 00:00:00+07:00,32.5,31.5,36.85,0.0,12.7,185.37,1006.38,20.28,26.02,12.86,16.5,9.75,39.42,250.08,
2024-05-01 00:00:00+07:00,32.92,32.0,37.0,0.0,12.51,192.98,1005.67,21.45,30.57,13.55,19.51,10.55,44.42,226.12,
2024-05-02 00:00:00+07:00,32.88,31.5,38.0,0.9,13.46,167.07,1006.75,17.9,24.94,10.91,15.3,11.5,50.04,207.58,
2024-05-03 00:00:00+07:00,32.83,32.0,37.0,0.0,13.3,153.35,1007.62,14.48,20.08,9.08,13.3,10.4,51.17,209.96,
2024-05-04 00:00:00+07:00,32.0,31.0,35.85,4.8,9.9,182.81,1007.62,18.97,27.78,12.4,18.56,10.1,45.25,255.38,
2024-05-05 00:00:00+07:00,29.88,29.0,34.85,7.9,7.35,202.61,1007.62,26.55,42.94,17.64,28.94,7.8,41.92,370.54,
2024-05-06 00:00:00+07:00,31.38,31.0,35.85,0.0,11.42,132.16,1008.46,25.55,32.6,16.28,21.89,9.55,49.12,337.17,
2024-05-07 00:00:00+07:00,30.88,30.0,36.0,13.9,11.67,133.18,1009.71,21.8,35.22,13.94,22.98,11.5,48.33,303.67,
2024-05-08 00:00:00+07:00,31.04,31.0,36.0,0.5,11.1,125.91,1009.0,28.62,33.67,18.61,22.66,10.1,53.75,349.25,
2024-05-09 00:00:00+07:00,31.67,31.0,36.0,4.2,15.44,132.81,1008.67,30.01,52.14,18.35,32.85,10.4,53.46,319.17,
2024-05-10 00:00:00+07:00,32.08,31.0,37.0,2.0,13.98,135.73,1009.04,28.65,35.14,17.18,21.95,10.1,66.71,289.71,
2024-05-11 00:00:00+07:00,32.29,31.5,36.85,10.8,12.68,114.14,1010.0,24.7,31.97,15.03,20.17,9.85,53.92,267.46,
2024-05-12 00:00:00+07:00,32.42,31.5,36.0,4.6,12.92,127.41,1009.38,23.36,28.11,14.74,17.97,8.3,48.88,286.67,
2024-05-13 00:00:00+07:00,32.33,31.5,36.0,5.2,13.25,147.52,1008.48,23.76,40.53,15.05,25.91,10.1,51.92,310.67,
2024-05-14 00:00:00+07:00,31.25,31.0,35.85,0.9,9.02,63.99,1008.75,32.92,42.54,21.24,27.77,9.5,55.38,389.17,
2024-05-15 00:00:00+07:00,30.79,30.5,36.85,10.9,13.36,113.89,1009.42,21.4,24.48,13.46,16.02,8.7,52.04,268.21,
2024-05-16 00:00:00+07:00,29.12,29.5,34.85,4.5,8.36,89.17,1009.04,23.2,28.32,15.2,18.9,8.3,45.25,312.33,
2024-05-17 00:00:00+07:00,30.71,31.0,32.85,9.6,9.0,160.47,1008.58,19.56,27.08,12.38,17.5,9.65,40.92,277.38,
2024-05-18 00:00:00+07:00,31.0,31.0,35.0,0.8,6.88,188.76,1006.88,29.07,37.5,18.65,25.36,9.35,35.46,365.46,
2024-05-19 00:00:00+07:00,31.04,30.5,34.85,7.1,9.33,235.28,1005.75,27.37,40.12,18.16,27.48,6.6,44.62,353.54,
2024-05-20 00:00:00+07:00,30.38,29.5,36.0,6.3,11.07,194.42,1005.88,35.24,48.76,24.0,33.1,8.15,57.92,372.46,
2024-05-21 00:00:00+07:00,28.67,28.0,34.0,17.8,9.42,226.34,1007.33,41.91,61.39,28.71,42.51,9.35,60.17,391.17,
2024-05-22 00:00:00+07:00,29.88,30.0,33.85,5.7,7.05,222.36,1007.54,56.28,70.64,38.67,48.58,9.35,72.29,454.33,
2024-05-23 00:00:00+07:00,29.33,29.0,32.85,13.6,6.08,225.79,1007.58,42.28,65.37,28.42,44.9,5.65,50.0,462.33,
2024-05-24 00:00:00+07:00,31.12,31.0,35.85,0.0,5.32,94.61,1007.46,52.79,81.26,35.88,56.2,9.0,48.0,640.75,
2024-05-25 00:00:00+07:00,32.46,31.5,36.0,2.6,10.92,165.89,1007.96,26.73,36.89,16.53,22.76,9.95,49.62,320.5,
2024-05-26 00:00:00+07:00,30.54,31.0,34.0,2.6,7.48,218.83,1008.79,31.87,48.06,21.16,32.6,9.8,51.5,367.5,
2024-05-27 00:00:00+07:00,31.79,30.0,37.0,1.9,11.76,236.32,1007.14,41.55,74.29,28.08,50.66,8.85,58.0,407.0,
2024-05-28 00:00:00+07:00,29.92,29.5,32.0,39.1,9.75,241.8,1007.33,45.43,83.83,31.02,57.85,9.55,46.96,569.92,
2024-05-29 00:00:00+07:00,30.67,30.5,34.0,7.6,11.33,272.31,1006.67,37.78,52.06,25.62,34.88,10.4,50.79,437.46,
2024-05-30 00:00:00+07:00,29.5,28.0,33.85,19.6,11.5,241.95,1007.15,42.0,50.81,28.65,35.39,9.1,38.96,513.79,
2024-05-31 00:00:00+07:00,28.25,27.0,33.85,8.4,10.47,218.33,1008.37,32.13,48.27,21.88,33.14,9.65,45.96,389.29,
2024-06-01 00:00:00+07:00,29.71,28.0,34.85,11.4,6.92,216.04,1010.21,52.42,59.8,35.84,41.38,9.15,55.79,502.92,
2024-06-02 00:00:00+07:00,30.21,30.5,33.85,0.0,7.85,287.26,1010.38,57.2,70.35,39.56,48.83,8.9,58.29,576.0,
2024-06-03 00:00:00+07:00,31.58,31.5,35.0,0.0,9.84,281.2,1008.88,57.78,72.19,39.45,50.08,9.7,63.79,650.62,
2024-06-04 00:00:00+07:00,32.29,32.5,36.85,0.0,8.87,252.88,1008.29,61.24,102.66,41.58,70.52,9.65,67.83,650.21,
2024-06-05 00:00:00+07:00,30.92,30.0,34.85,0.7,13.03,243.04,1009.17,45.82,73.56,30.22,50.1,7.65,50.58,442.0,
2024-06-06 00:00:00+07:00,31.46,31.0,35.85,7.5,8.59,269.18,1009.38,58.07,111.36,39.16,76.3,9.5,49.54,747.46,
2024-06-07 00:00:00+07:00,28.46,28.0,32.7,1.7,9.82,249.85,1008.34,48.88,83.35,32.47,57.2,8.25,48.12,616.88,
2024-06-08 00:00:00+07:00,29.29,27.5,34.0,11.1,7.29,220.82,1007.08,55.9,77.16,37.95,53.5,6.1,52.5,701.79,
2024-06-09 00:00:00+07:00,29.46,30.0,31.0,5.0,14.12,232.63,1007.42,41.88,52.84,28.18,35.92,6.75,39.25,488.83,
2024-06-10 00:00:00+07:00,29.67,29.0,32.0,6.3,16.02,238.27,1009.33,37.02,58.77,24.98,40.96,8.15,39.17,451.92,
2024-06-11 00:00:00+07:00,30.83,31.0,34.0,1.5,12.26,247.29,1010.25,43.87,59.15,29.15,40.14,9.65,49.75,533.54,
2024-06-12 00:00:00+07:00,30.67,29.0,35.0,3.6,13.5,268.29,1010.38,31.59,40.73,21.48,28.07,9.9,49.79,384.5,
2024-06-13 00:00:00+07:00,31.46,32.0,35.0,0.2,12.25,284.82,1008.38,36.85,46.48,25.17,32.22,9.25,50.08,451.08,
2024-06-14 00:00:00+07:00,30.17,29.0,35.85,7.1,9.7,248.34,1006.5,47.85,78.42,32.15,53.28,9.1,60.25,542.67,
2024-06-15 00:00:00+07:00,30.62,30.5,35.0,8.5,7.14,246.87,1006.17,33.68,58.25,23.03,39.86,9.6,69.0,365.17,
2024-06-16 00:00:00+07:00,29.12,29.0,35.0,6.3,8.39,225.2,1007.71,39.58,49.26,27.1,33.44,11.3,56.5,392.33,
2024-06-17 00:00:00+07:00,29.92,29.0,34.0,3.2,9.88,235.01,1007.85,26.42,40.62,18.3,27.96,10.45,44.92,339.54,
2024-06-18 00:00:00+07:00,30.38,29.5,34.0,8.8,13.6,247.57,1007.23,27.56,36.92,19.05,25.75,10.1,47.12,341.88,
2024-06-19 00:00:00+07:00,30.5,30.0,34.85,9.1,16.83,243.87,1006.0,30.89,39.05,21.14,27.18,9.45,39.67,381.29,
2024-06-20 00:00:00+07:00,29.5,29.0,33.0,13.7,15.35,262.67,1005.46,30.38,45.41,21.03,31.76,7.75,36.33,404.92,
2024-06-21 00:00:00+07:00,26.83,26.0,30.85,13.6,9.17,290.55,1005.25,32.65,43.06,22.55,30.3,8.7,40.92,425.92,
2024-06-22 00:00:00+07:00,28.0,27.5,31.0,12.8,17.29,228.22,1005.54,17.31,19.54,11.88,13.46,5.45,26.42,279.58,
2024-06-23 00:00:00+07:00,27.62,27.0,30.85,14.5,20.91,238.47,1007.12,22.63,38.19,15.64,26.31,8.1,37.62,338.54,
2024-06-24 00:00:00+07:00,27.58,27.5,29.85,12.4,13.92,224.52,1007.5,30.9,39.97,20.96,27.37,6.85,39.04,380.92,
2024-06-25 00:00:00+07:00,28.46,28.5,32.0,5.5,15.33,244.68,1007.59,38.35,46.38,25.75,32.5,8.8,54.58,405.04,
2024-06-26 00:00:00+07:00,28.67,28.0,32.0,0.9,9.1,287.09,1007.48,41.33,66.91,28.43,46.28,9.05,45.71,520.79,
2024-06-27 00:00:00+07:00,28.0,28.0,31.85,24.2,9.41,336.86,1008.71,40.81,50.6,28.19,35.17,10.05,50.04,455.33,
2024-06-28 00:00:00+07:00,29.0,29.5,32.0,7.2,9.53,132.95,1008.54,28.01,39.55,18.82,26.4,7.25,44.25,374.38,
2024-06-29 00:00:00+07:00,29.96,30.0,33.0,4.7,12.07,162.97,1009.21,26.68,31.92,16.88,21.26,9.3,44.17,315.12,
2024-06-30 00:00:00+07:00,30.38,29.5,34.0,2.2,12.0,224.74,1009.62,33.91,44.53,21.83,30.69,9.8,43.33,346.38,
2024-07-01 00:00:00+07:00,29.83,30.0,33.0,1.5,14.32,259.09,1008.22,38.61,51.64,26.7,36.16,9.15,47.54,507.42,
2024-07-02 00:00:00+07:00,29.42,29.0,34.0,22.9,8.71,271.42,1006.52,38.27,49.8,26.58,34.79,9.25,60.08,487.67,
2024-07-03 00:00:00+07:00,27.96,27.0,32.0,15.9,9.52,243.99,1008.32,46.01,54.98,31.88,38.6,7.05,49.83,496.92,
2024-07-04 00:00:00+07:00,27.38,27.0,30.85,8.7,9.17,213.17,1009.97,46.84,56.69,32.55,39.46,7.6,40.71,519.62,
2024-07-05 00:00:00+07:00,28.92,29.0,33.0,3.7,11.34,307.24,1007.88,51.33,64.4,35.1,44.75,9.65,60.08,570.88,
2024-07-06 00:00:00+07:00,30.04,30.0,34.0,3.9,9.19,205.15,1006.07,42.67,63.61,29.3,43.48,9.55,60.29,468.46,
2024-07-07 00:00:00+07:00,29.71,29.0,33.0,10.4,11.66,194.7,1006.83,27.94,39.72,19.15,27.41,8.75,49.33,299.0,
2024-07-08 00:00:00+07:00,29.0,28.0,33.0,7.8,8.78,202.59,1007.16,41.83,56.75,28.85,39.69,7.55,40.08,437.67,
2024-07-09 00:00:00+07:00,29.42,30.0,32.0,9.3,9.83,203.73,1008.34,45.96,57.21,31.24,39.96,7.5,45.29,472.17,
2024-07-10 00:00:00+07:00,28.0,28.0,32.0,12.8,11.06,220.99,1009.87,39.16,57.11,26.41,39.03,9.3,44.54,498.46,
2024-07-11 00:00:00+07:00,27.33,27.0,30.0,25.0,13.68,247.31,1008.53,34.2,55.02,23.36,37.69,8.05,44.21,462.75,
2024-07-12 00:00:00+07:00,28.04,27.0,31.85,4.4,18.13,248.24,1006.79,20.52,27.37,14.4,19.17,9.6,39.21,291.33,
2024-07-13 00:00:00+07:00,28.0,28.0,30.85,29.4,16.72,262.49,1005.4,23.28,35.58,15.95,24.71,6.0,39.21,305.21,
2024-07-14 00:00:00+07:00,26.77,26.0,29.92,12.2,18.06,258.39,1005.32,20.01,25.3,13.87,17.79,7.15,33.42,271.71,
2024-07-15 00:00:00+07:00,27.66,26.0,32.0,15.9,14.25,261.51,1005.1,22.83,33.54,15.9,23.54,6.55,31.58,313.75,
2024-07-16 00:00:00+07:00,26.92,26.0,30.0,9.2,14.99,248.71,1005.33,21.08,29.12,14.88,20.65,3.85,28.04,338.0,
2024-07-17 00:00:00+07:00,26.38,26.0,29.7,14.4,18.97,233.77,1006.09,20.61,28.5,14.22,19.26,8.1,38.42,304.08,
2024-07-18 00:00:00+07:00,27.25,26.0,30.85,21.7,15.28,248.88,1007.21,24.62,37.72,17.06,26.06,7.6,27.04,355.96,
2024-07-19 00:00:00+07:00,27.46,27.5,30.85,3.9,15.07,255.76,1007.08,33.05,46.15,22.84,32.1,3.8,46.88,478.21,
2024-07-20 00:00:00+07:00,26.96,27.0,29.0,18.4,12.67,243.43,1007.58,31.08,42.19,21.51,29.15,2.25,31.54,472.5,
2024-07-21 00:00:00+07:00,28.25,28.0,31.0,13.1,14.58,268.16,1007.53,26.78,37.8,18.46,26.25,8.95,47.62,329.62,
2024-07-22 00:00:00+07:00,27.92,27.0,30.85,7.8,17.91,240.46,1007.92,33.37,40.67,22.47,27.46,8.55,61.21,379.79,
2024-07-23 00:00:00+07:00,29.38,29.0,32.0,2.5,19.56,239.97,1007.38,48.69,64.86,30.61,38.98,8.6,68.67,396.46,
2024-07-24 00:00:00+07:00,29.58,29.5,32.85,0.1,20.92,247.91,1005.67,39.98,49.34,24.55,29.58,9.4,56.42,336.0,
2024-07-25 00:00:00+07:00,28.04,28.0,30.85,8.7,17.99,249.8,1004.75,33.58,44.1,21.0,25.91,9.5,41.42,330.62,
2024-07-26 00:00:00+07:00,28.0,28.0,31.0,13.8,16.37,241.64,1005.96,32.12,52.45,21.9,35.54,4.3,50.21,391.12,
2024-07-27 00:00:00+07:00,27.54,27.0,30.0,23.3,13.35,231.45,1007.58,43.12,50.74,28.87,35.14,5.9,58.54,432.0,
2024-07-28 00:00:00+07:00,28.29,28.0,30.85,23.3,14.23,231.48,1007.54,42.96,49.3,29.12,33.64,5.35,55.0,417.0,
2024-07-29 00:00:00+07:00,29.21,29.5,32.0,14.9,13.86,236.11,1007.12,43.95,49.74,29.63,34.54,9.85,47.62,464.04,
2024-07-30 00:00:00+07:00,29.67,29.0,33.0,4.4,14.85,235.21,1008.62,42.93,61.3,29.67,42.78,9.6,54.96,520.17,
2024-07-31 00:00:00+07:00,29.62,28.0,34.0,12.6,13.22,237.86,1010.07,51.84,67.59,35.4,47.32,9.2,50.71,586.29,
2024-08-01 00:00:00+07:00,29.75,28.5,34.0,3.5,10.82,231.86,1010.04,51.41,67.68,34.8,46.64,8.55,46.33,535.58,
2024-08-02 00:00:00+07:00,29.71,29.0,34.0,17.1,9.87,247.7,1009.29,59.87,70.4,40.74,48.27,8.3,56.33,559.21,
2024-08-03 00:00:00+07:00,28.33,28.0,31.85,9.8,10.23,209.59,1009.42,48.58,64.29,33.22,43.49,8.75,53.92,482.38,
2024-08-04 00:00:00+07:00,27.17,27.0,29.0,4.9,11.24,236.51,1009.5,34.0,43.44,23.52,30.22,8.4,43.75,445.67,
2024-08-05 00:00:00+07:00,28.92,28.0,34.0,19.0,10.74,260.9,1008.56,33.12,42.66,22.92,29.71,9.6,41.0,451.5,
2024-08-06 00:00:00+07:00,28.75,28.0,33.85,9.5,12.28,255.8,1007.71,30.15,43.68,20.91,30.24,10.6,42.21,374.33,
2024-08-07 00:00:00+07:00,29.67,29.0,34.0,10.3,12.95,250.12,1008.46,31.52,46.28,21.94,32.38,9.05,35.46,409.17,
2024-08-08 00:00:00+07:00,30.17,30.0,33.85,0.0,13.61,245.94,1008.92,33.69,49.18,23.37,34.1,9.2,48.46,425.88,
2024-08-09 00:00:00+07:00,29.83,29.0,34.0,2.5,13.15,221.9,1008.34,39.46,51.9,26.5,35.79,8.65,44.04,401.88,
2024-08-10 00:00:00+07:00,30.58,30.5,34.0,2.8,14.95,247.56,1007.31,41.35,55.54,28.21,37.97,10.1,52.58,470.25,
2024-08-11 00:00:00+07:00,30.62,29.0,35.0,1.8,17.91,243.73,1005.82,34.25,52.33,23.37,35.86,7.3,46.12,438.12,
2024-08-12 00:00:00+07:00,29.04,28.0,33.85,7.4,18.84,232.55,1006.54,29.85,46.92,20.34,32.48,9.0,54.17,398.25,
2024-08-13 00:00:00+07:00,29.96,29.5,34.85,0.7,10.99,234.16,1007.58,36.93,50.2,25.46,35.05,10.15,48.0,483.79,
2024-08-14 00:00:00+07:00,30.12,29.5,35.0,3.0,12.75,237.84,1007.33,35.05,53.88,24.19,37.25,10.3,50.38,461.33,
2024-08-15 00:00:00+07:00,30.08,29.0,34.0,7.2,13.01,244.52,1006.59,36.92,50.24,25.57,35.04,11.2,56.17,425.42,
2024-08-16 00:00:00+07:00,30.04,29.0,34.0,6.9,12.51,220.82,1006.79,43.96,55.24,30.26,38.14,10.65,49.67,468.5,
2024-08-17 00:00:00+07:00,29.42,28.0,34.0,7.5,8.98,244.72,1008.17,44.91,62.39,30.27,42.36,9.25,42.25,457.42,
2024-08-18 00:00:00+07:00,30.83,31.0,34.85,0.1,8.96,207.11,1008.38,42.88,57.72,28.99,39.55,10.25,45.79,456.83,
2024-08-19 00:00:00+07:00,30.29,30.0,33.0,0.0,11.12,227.05,1008.1,34.76,43.67,23.2,29.5,10.45,46.5,378.96,
2024-08-20 00:00:00+07:00,29.58,28.0,34.85,0.8,9.64,222.12,1008.71,42.47,58.18,29.02,39.85,10.1,47.67,458.58,
2024-08-21 00:00:00+07:00,29.71,29.0,34.0,1.6,7.96,231.17,1009.67,34.57,40.87,23.42,27.77,9.3,42.79,440.25,
2024-08-22 00:00:00+07:00,30.04,29.5,34.85,2.0,8.0,173.93,1009.38,32.33,36.87,21.88,24.96,9.4,33.54,430.0,
2024-08-23 00:00:00+07:00,28.71,28.0,32.0,3.1,8.41,235.29,1010.22,39.07,50.9,26.62,35.35,8.25,30.71,481.75,
2024-08-24 00:00:00+07:00,28.83,28.0,33.0,1.4,6.85,275.51,1009.58,58.91,75.68,40.98,52.7,8.95,61.75,493.88,
2024-08-25 00:00:00+07:00,27.54,27.0,32.0,3.4,9.54,242.53,1008.73,41.35,54.11,28.92,37.8,6.5,44.71,448.5,
2024-08-26 00:00:00+07:00,28.08,27.5,32.0,6.7,9.56,238.29,1008.36,34.25,44.81,23.95,31.4,9.15,40.33,426.0,
2024-08-27 00:00:00+07:00,27.76,27.0,31.0,6.6,9.38,235.38,1008.78,28.95,46.78,20.18,32.65,4.3,31.38,389.46,
2024-08-28 00:00:00+07:00,27.67,27.0,31.0,0.0,12.93,236.14,1008.58,30.02,39.97,20.72,27.68,9.55,35.5,410.17,MISSING-1
2024-08-29 00:00:00+07:00,28.21,28.0,31.0,0.0,17.23,248.77,1008.83,24.26,50.19,16.79,34.84,6.75,31.96,392.67,MISSING-1
2024-08-30 00:00:00+07:00,28.54,27.5,33.0,0.0,15.41,277.37,1009.11,28.79,45.89,19.93,31.86,10.65,35.08,455.62,MISSING-1
2024-08-31 00:00:00+07:00,26.96,26.0,31.0,0.0,9.25,310.94,1008.75,31.4,52.1,21.57,36.01,10.0,39.04,448.54,MISSING-1
2024-09-01 00:00:00+07:00,26.58,25.5,31.0,0.0,9.71,307.86,1008.08,40.52,53.56,27.96,37.32,5.1,28.75,592.46,MISSING-1
2024-09-02 00:00:00+07:00,26.62,27.0,28.85,0.0,9.01,215.2,1008.28,22.39,26.64,15.58,18.58,7.85,29.5,370.5,MISSING-1
2024-09-03 00:00:00+07:00,28.0,28.0,31.0,0.0,15.71,235.46,1008.66,25.28,49.15,17.36,33.58,11.15,34.42,353.88,MISSING-1
2024-09-04 00:00:00+07:00,26.5,26.0,30.0,9.1,12.87,236.88,1007.48,23.18,35.88,15.72,24.1,11.9,35.33,342.83,MISSING-1
2024-09-05 00:00:00+07:00,28.46,27.5,32.0,13.7,15.76,245.19,1004.62,22.58,36.78,15.45,25.51,8.15,31.17,349.17,
2024-09-06 00:00:00+07:00,28.17,28.0,31.0,10.9,20.06,245.45,1004.71,17.53,21.9,11.98,15.07,7.15,31.75,282.75,
2024-09-07 00:00:00+07:00,28.92,28.0,32.0,12.4,20.8,234.89,1007.0,18.53,28.43,12.53,19.5,4.4,33.96,283.62,
2024-09-08 00:00:00+07:00,28.83,28.0,32.0,26.4,16.4,241.28,1008.62,27.16,53.11,18.25,36.28,8.55,35.33,372.12,
2024-09-09 00:00:00+07:00,29.79,29.5,34.0,5.8,15.0,266.09,1006.92,30.57,47.5,20.61,32.76,10.25,36.5,429.04,
2024-09-10 00:00:00+07:00,29.21,28.0,33.85,20.6,11.52,270.86,1006.12,40.41,51.68,26.93,33.02,10.55,44.12,493.29,
2024-09-11 00:00:00+07:00,27.75,26.0,33.0,6.3,8.81,290.39,1007.71,39.26,51.78,26.05,35.8,7.6,35.46,467.5,
2024-09-12 00:00:00+07:00,28.33,26.5,33.0,14.7,8.71,272.22,1008.12,43.92,55.24,30.03,37.89,9.55,46.21,526.62,
2024-09-13 00:00:00+07:00,27.81,26.25,33.0,21.3,12.36,248.59,1006.65,23.52,34.64,16.22,24.03,9.8,31.0,357.5,
2024-09-14 00:00:00+07:00,27.98,28.0,31.0,20.6,15.48,243.65,1005.21,17.33,25.85,12.09,17.98,3.3,20.29,352.38,
2024-09-15 00:00:00+07:00,27.46,27.0,30.0,9.3,13.51,250.9,1004.67,21.43,37.9,14.74,26.09,7.3,27.58,349.42,
2024-09-16 00:00:00+07:00,27.75,27.0,31.0,23.6,14.47,268.26,1003.79,23.21,39.6,15.75,26.57,10.45,42.12,305.25,
2024-09-17 00:00:00+07:00,26.71,26.0,29.0,20.8,13.07,255.18,1002.73,20.56,32.42,14.3,22.75,6.8,40.88,350.88,
2024-09-18 00:00:00+07:00,25.54,26.0,27.0,25.4,8.53,263.1,1001.46,21.91,38.19,15.45,26.91,7.6,53.0,382.96,
2024-09-19 00:00:00+07:00,28.12,28.0,32.0,3.4,18.06,240.8,1001.94,19.32,25.82,13.41,18.0,4.55,44.79,321.67,
2024-09-20 00:00:00+07:00,27.0,27.0,29.85,8.8,15.32,239.78,1004.01,18.47,31.1,12.44,21.02,6.25,45.08,276.04,
2024-09-21 00:00:00+07:00,26.08,26.0,27.0,17.3,15.23,223.33,1006.27,17.53,27.14,11.78,18.26,10.65,38.0,281.21,
2024-09-22 00:00:00+07:00,26.42,26.5,28.0,10.7,8.22,213.2,1007.67,28.85,42.66,19.71,29.32,2.7,28.75,447.62,
2024-09-23 00:00:00+07:00,27.83,27.5,32.0,27.3,8.48,201.66,1009.46,33.82,41.8,21.38,28.54,7.25,30.58,429.75,
2024-09-24 00:00:00+07:00,28.25,28.5,31.0,4.9,4.57,71.31,1009.46,54.79,98.7,36.47,66.59,6.3,26.71,683.67,
2024-09-25 00:00:00+07:00,28.38,28.0,32.0,3.4,6.0,67.8,1009.88,44.1,60.92,29.52,41.35,9.75,57.08,518.67,
2024-09-26 00:00:00+07:00,28.46,28.0,32.0,8.3,9.17,126.0,1009.83,33.64,47.24,21.59,31.49,10.4,36.25,418.08,
2024-09-27 00:00:00+07:00,28.71,28.0,32.85,5.4,9.83,96.64,1009.49,22.75,36.01,15.29,24.22,7.85,33.33,358.12,
2024-09-28 00:00:00+07:00,29.75,29.0,33.0,0.6,9.11,147.81,1008.79,26.3,37.37,17.08,24.53,9.25,35.17,399.75,
2024-09-29 00:00:00+07:00,30.46,30.0,34.0,3.1,10.92,247.34,1008.29,45.73,79.61,31.11,55.28,8.9,66.67,461.29,
2024-09-30 00:00:00+07:00,30.29,30.5,34.0,17.9,12.5,237.5,1007.39,44.48,77.13,30.53,53.41,8.95,48.79,518.04,
2024-10-01 00:00:00+07:00,29.33,28.0,34.85,6.1,10.16,246.87,1007.12,33.44,41.46,22.78,28.71,10.15,40.79,423.08,
2024-10-02 00:00:00+07:00,29.75,30.0,33.85,5.2,8.38,200.8,1008.83,39.04,52.08,26.64,35.25,7.6,38.17,502.38,
2024-10-03 00:00:00+07:00,27.38,27.0,29.85,22.5,8.42,6.58,1009.83,26.37,39.02,17.91,26.96,8.6,42.42,380.04,
2024-10-04 00:00:00+07:00,27.79,26.0,33.7,4.5,8.7,321.76,1009.71,45.49,61.47,31.25,42.45,10.05,69.17,550.92,
2024-10-05 00:00:00+07:00,27.92,27.0,32.85,0.7,7.22,339.16,1009.04,52.11,68.07,35.3,45.74,9.6,86.0,586.42,
2024-10-06 00:00:00+07:00,27.79,27.0,31.85,12.5,8.76,322.47,1009.79,57.4,76.66,38.62,50.56,6.1,78.04,577.92,
2024-10-07 00:00:00+07:00,28.58,27.5,33.0,12.0,7.41,275.42,1010.38,50.68,62.5,34.88,43.11,7.9,78.08,574.12,
2024-10-08 00:00:00+07:00,27.04,26.5,31.0,11.2,7.38,183.57,1009.96,48.34,62.75,33.09,43.26,7.05,72.54,576.38,
2024-10-09 00:00:00+07:00,27.46,27.0,32.0,13.2,6.54,38.12,1009.08,41.6,61.1,28.0,42.02,9.15,40.83,504.29,
2024-10-10 00:00:00+07:00,27.33,26.0,32.0,4.3,7.47,12.19,1008.58,34.54,45.31,22.54,30.2,10.1,43.12,477.79,
2024-10-11 00:00:00+07:00,28.71,29.0,32.7,7.2,6.88,76.43,1008.29,46.27,61.63,30.73,41.44,8.7,44.33,597.42,
2024-10-12 00:00:00+07:00,28.5,28.0,32.85,9.8,8.74,67.87,1009.05,44.54,70.27,29.97,47.61,6.9,36.12,626.12,
2024-10-13 00:00:00+07:00,27.67,25.5,34.0,7.0,9.53,336.52,1008.92,45.36,60.06,31.2,41.68,9.9,70.08,626.92,
2024-10-14 00:00:00+07:00,28.17,28.0,32.85,6.7,7.59,223.74,1008.33,45.61,67.4,30.94,46.06,7.25,71.71,520.83,
2024-10-15 00:00:00+07:00,27.96,28.0,31.0,11.7,5.12,277.89,1009.02,59.47,95.94,40.51,65.96,5.95,49.0,648.25,
2024-10-16 00:00:00+07:00,27.08,26.0,31.0,16.4,8.65,334.5,1009.73,25.63,37.69,17.6,26.21,5.8,36.67,435.38,
2024-10-17 00:00:00+07:00,26.96,26.0,31.0,13.2,6.5,349.19,1009.79,31.26,36.66,21.63,25.35,6.8,32.92,518.79,
2024-10-18 00:00:00+07:00,26.71,26.0,30.0,11.0,6.9,94.88,1009.5,23.5,32.06,16.24,22.41,6.1,30.29,403.75,
2024-10-19 00:00:00+07:00,28.0,27.5,31.0,17.5,8.67,157.49,1010.04,28.95,32.69,20.03,22.54,5.85,27.42,472.54,
2024-10-20 00:00:00+07:00,27.83,27.0,32.0,32.1,7.88,242.91,1010.79,36.08,53.9,24.75,37.38,8.15,34.12,486.75,
2024-10-21 00:00:00+07:00,27.25,26.0,31.0,24.4,9.61,330.04,1009.5,41.15,58.24,28.61,40.66,8.0,52.38,530.62,
2024-10-22 00:00:00+07:00,27.62,27.0,30.85,12.9,8.44,309.2,1008.49,30.82,41.74,21.34,29.02,9.3,45.67,463.67,
2024-10-23 00:00:00+07:00,28.04,28.0,30.85,12.8,9.71,332.13,1008.67,44.75,71.46,30.77,48.9,2.4,29.92,673.62,
2024-10-24 00:00:00+07:00,29.54,29.0,33.85,0.4,9.41,305.13,1007.92,41.81,84.86,28.42,58.11,8.75,68.71,715.17,
2024-10-25 00:00:00+07:00,29.08,28.0,32.85,0.1,11.15,293.94,1007.08,39.45,72.11,27.09,49.4,9.2,67.04,637.62,
2024-10-26 00:00:00+07:00,29.33,29.0,32.0,0.0,14.16,277.85,1005.33,53.19,98.35,36.59,68.1,6.6,55.12,822.5,
2024-10-27 00:00:00+07:00,26.17,26.5,28.0,9.9,9.24,271.12,1004.92,34.39,53.79,23.32,36.83,4.85,46.33,863.0,
2024-10-28 00:00:00+07:00,25.25,25.0,26.85,44.3,9.18,269.54,1005.67,22.55,29.14,15.39,20.35,3.5,31.71,620.83,
2024-10-29 00:00:00+07:00,27.21,27.0,30.0,6.1,10.53,246.07,1007.38,37.03,65.06,25.86,45.4,6.35,52.71,644.25,
2024-10-30 00:00:00+07:00,29.04,29.0,32.85,3.3,12.02,280.38,1008.65,40.32,55.78,28.11,38.91,8.85,62.08,788.67,
2024-10-31 00:00:00+07:00,28.33,28.0,30.85,1.0,9.84,292.21,1008.12,32.78,62.55,22.92,43.87,8.55,70.08,784.58,
2024-11-01 00:00:00+07:00,29.25,29.0,33.0,9.0,9.45,285.75,1008.21,43.66,57.65,30.46,40.28,8.2,79.54,894.21,
2024-11-02 00:00:00+07:00,28.75,28.5,32.0,13.3,13.85,120.19,1009.62,29.82,51.47,20.06,35.94,7.05,69.58,865.58,
2024-11-03 00:00:00+07:00,27.12,25.5,32.85,0.0,6.74,346.84,1009.79,43.58,59.0,30.0,41.03,8.55,69.21,1009.38,
2024-11-04 00:00:00+07:00,28.12,28.0,32.0,11.8,7.62,68.0,1009.62,44.36,73.21,30.46,51.04,8.15,45.5,1191.79,
2024-11-05 00:00:00+07:00,27.54,26.5,32.85,7.7,7.77,10.23,1010.12,42.82,57.4,28.89,39.07,8.6,50.08,1378.58,
2024-11-06 00:00:00+07:00,27.54,26.0,31.0,5.6,7.57,306.41,1010.54,52.0,75.32,35.37,51.63,8.3,78.79,890.5,
2024-11-07 00:00:00+07:00,28.21,29.0,32.0,1.6,5.31,14.93,1010.29,51.8,86.66,35.19,60.18,8.7,51.42,963.38,
2024-11-08 00:00:00+07:00,27.38,26.0,31.85,2.9,6.58,9.55,1010.12,50.17,73.7,33.77,50.65,4.8,32.96,1333.62,
2024-11-09 00:00:00+07:00,27.54,26.0,33.0,8.3,7.02,16.94,1010.0,43.57,68.21,28.9,46.74,8.0,56.33,1449.42,
2024-11-10 00:00:00+07:00,28.08,28.0,32.0,1.0,7.33,346.09,1010.34,58.32,72.37,38.23,48.84,7.45,71.38,1550.33,
2024-11-11 00:00:00+07:00,28.96,29.0,33.0,0.0,7.0,31.18,1009.17,44.98,61.69,29.24,40.89,7.9,79.04,1508.38,
2024-11-12 00:00:00+07:00,29.42,29.0,32.85,0.7,7.9,255.16,1008.33,47.08,56.78,34.36,54.78,4.6,76.71,893.88,
2024-11-13 00:00:00+07:00,28.54,28.0,30.85,1.6,10.1,164.66,1008.04,32.22,42.58,31.53,41.79,5.7,69.29,1090.21,
2024-11-14 00:00:00+07:00,29.25,29.0,32.85,0.0,12.31,130.1,1008.67,17.09,23.05,16.13,21.5,8.1,63.21,700.62,
2024-11-15 00:00:00+07:00,28.83,28.5,31.0,0.2,9.45,149.93,1008.71,25.08,37.54,23.46,35.52,6.25,62.83,801.25,
2024-11-16 00:00:00+07:00,29.42,28.5,33.85,0.0,10.76,112.7,1008.29,22.73,28.35,20.66,26.36,7.25,60.42,787.38,
2024-11-17 00:00:00+07:00,28.92,28.0,33.0,0.2,9.22,92.11,1008.42,20.35,31.08,19.17,29.48,7.45,66.12,710.38,
2024-11-18 00:00:00+07:00,29.12,29.0,33.85,0.0,6.9,57.89,1008.29,32.82,47.75,31.62,47.22,8.15,66.96,1072.12,
2024-11-19 00:00:00+07:00,29.58,30.0,33.85,0.8,8.33,52.74,1009.12,36.47,57.62,34.09,54.4,6.85,47.25,914.79,
2024-11-20 00:00:00+07:00,28.58,27.5,32.0,5.5,6.58,14.55,1008.75,37.44,50.06,35.33,48.19,7.15,48.46,1004.46,
2024-11-21 00:00:00+07:00,28.92,27.5,34.0,9.2,7.58,30.22,1007.88,33.85,49.1,32.79,48.22,8.85,47.08,1059.96,
2024-11-22 00:00:00+07:00,28.46,27.0,34.0,0.7,5.88,22.66,1008.42,38.69,57.2,36.9,55.69,8.15,38.04,941.62,
2024-11-23 00:00:00+07:00,28.21,29.0,32.0,0.3,5.68,19.83,1009.08,40.95,77.13,37.91,73.7,7.0,45.83,1301.96,
2024-11-24 00:00:00+07:00,29.67,29.0,33.0,7.1,7.02,56.22,1009.08,45.51,91.78,43.72,88.35,7.05,39.08,1233.04,
2024-11-25 00:00:00+07:00,29.21,29.0,33.0,0.0,8.25,35.8,1008.83,35.88,71.49,33.21,68.27,7.75,40.75,895.42,
2024-11-26 00:00:00+07:00,28.62,28.0,32.0,0.0,8.23,35.77,1008.38,35.36,58.56,33.54,55.89,7.6,43.08,1302.04,
2024-11-27 00:00:00+07:00,29.04,29.0,33.0,0.1,9.04,30.39,1008.38,31.75,67.2,29.66,64.0,7.2,43.08,888.0,
2024-11-28 00:00:00+07:00,28.46,28.5,32.0,0.8,14.3,32.17,1009.79,21.64,41.6,20.59,39.88,7.65,58.0,802.04,
2024-11-29 00:00:00+07:00,27.12,27.0,30.0,2.2,10.25,37.17,1009.78,24.35,57.37,23.44,54.76,6.95,63.96,737.83,
2024-11-30 00:00:00+07:00,26.5,27.0,30.0,7.6,8.84,17.73,1008.96,29.5,48.28,27.87,46.31,7.4,58.17,748.29,
2024-12-01 00:00:00+07:00,27.62,28.0,31.85,0.1,7.98,299.32,1007.75,48.5,64.15,46.76,62.54,6.95,75.0,966.92,
2024-12-02 00:00:00+07:00,28.58,28.0,31.85,0.4,7.16,182.92,1006.98,33.49,48.38,31.23,45.46,6.25,53.46,1176.33,
2024-12-03 00:00:00+07:00,26.71,27.0,28.0,2.4,5.95,271.93,1008.02,41.18,57.31,39.73,56.82,3.65,27.42,1319.08,
2024-12-04 00:00:00+07:00,26.47,26.0,30.0,8.9,7.77,333.79,1008.0,49.99,67.61,48.49,66.35,4.7,47.92,1070.88,
2024-12-05 00:00:00+07:00,27.58,28.0,31.0,13.4,6.68,25.46,1007.67,39.51,62.44,38.5,61.6,6.1,37.58,1270.42,
2024-12-06 00:00:00+07:00,28.83,28.5,33.0,2.1,8.14,59.74,1007.8,29.28,50.75,27.68,48.58,7.0,46.0,797.83,
2024-12-07 00:00:00+07:00,27.83,27.0,30.85,8.2,7.62,26.58,1008.85,22.18,52.03,21.03,50.56,6.7,40.88,1397.29,
2024-12-08 00:00:00+07:00,28.08,28.5,32.0,0.8,10.02,36.75,1009.69,32.9,60.53,32.13,59.02,7.4,47.5,1422.96,
2024-12-09 00:00:00+07:00,28.18,28.0,31.85,0.0,9.5,20.09,1009.41,24.67,59.31,23.93,56.88,4.65,45.21,703.92,
2024-12-10 00:00:00+07:00,27.96,27.5,32.0,0.0,10.4,10.24,1008.87,24.85,52.83,24.22,51.49,5.95,39.79,568.08,MISSING-1
2024-12-11 00:00:00+07:00,26.96,26.0,30.85,0.0,8.29,10.71,1008.15,14.31,18.51,13.83,17.84,3.05,30.96,690.79,MISSING-1
2024-12-12 00:00:00+07:00,27.21,27.0,30.0,0.0,8.18,42.48,1007.75,17.85,26.97,17.03,25.77,5.85,35.62,986.21,MISSING-1
2024-12-13 00:00:00+07:00,26.75,26.0,29.0,0.6,7.25,39.15,1008.85,17.42,25.74,16.46,24.85,6.9,41.75,988.12,MISSING-1
2024-12-14 00:00:00+07:00,26.25,26.0,28.0,4.7,8.56,60.02,1009.8,22.23,32.49,21.0,30.44,4.2,35.62,1863.67,
2024-12-15 00:00:00+07:00,25.58,25.0,27.0,15.0,5.07,26.17,1011.12,17.22,32.84,16.51,31.5,3.2,43.79,1049.12,
2024-12-16 00:00:00+07:00,26.5,26.5,30.0,0.0,5.74,19.68,1011.5,20.69,30.92,20.26,30.32,4.9,45.46,757.88,
2024-12-17 00:00:00+07:00,27.04,27.0,32.0,0.0,7.47,41.17,1010.67,38.67,69.96,37.43,65.55,7.7,62.04,1216.0,
2024-12-18 00:00:00+07:00,27.21,27.0,31.0,0.0,6.87,346.02,1009.96,49.65,84.79,48.25,80.9,7.75,53.33,931.29,
2024-12-19 00:00:00+07:00,27.71,27.0,32.0,0.0,9.05,14.43,1009.96,33.73,54.16,32.63,53.51,8.4,59.92,678.0,
2024-12-20 00:00:00+07:00,26.46,26.5,30.0,0.0,8.23,33.83,1010.04,37.56,48.19,35.75,46.95,5.8,56.29,1080.88,
2024-12-21 00:00:00+07:00,26.04,26.0,30.0,0.0,5.85,4.89,1010.71,44.94,68.34,43.13,66.94,5.55,55.88,1159.54,
2024-12-22 00:00:00+07:00,24.29,24.0,27.85,0.0,8.72,357.04,1010.17,49.0,74.96,47.8,74.46,5.35,39.04,867.71,
2024-12-23 00:00:00+07:00,25.88,26.5,30.85,0.0,8.81,344.59,1009.04,25.86,43.61,25.48,43.0,8.8,55.42,655.21,
2024-12-24 00:00:00+07:00,27.38,27.5,30.0,0.3,13.89,6.23,1009.62,10.69,16.36,10.63,16.36,5.4,62.71,609.58,
2024-12-25 00:00:00+07:00,27.96,27.0,32.0,0.3,15.15,17.91,1010.25,13.41,21.17,13.34,21.17,8.75,58.92,493.42,
2024-12-26 00:00:00+07:00,28.54,28.5,32.0,3.2,9.62,56.06,1011.5,19.36,30.69,18.57,29.83,6.5,42.79,901.75,
2024-12-27 00:00:00+07:00,27.12,27.0,30.85,11.7,8.1,348.38,1012.25,24.13,34.87,22.69,33.66,7.6,38.5,1076.67,
2024-12-28 00:00:00+07:00,27.12,25.5,32.0,8.0,6.42,307.9,1012.21,32.2,52.16,30.88,50.22,7.05,37.67,1063.54,
2024-12-29 00:00:00+07:00,27.29,27.0,32.0,0.0,9.06,36.87,1011.71,34.34,52.11,33.4,50.53,8.45,54.0,766.71,
2024-12-30 00:00:00+07:00,26.67,26.5,31.0,0.0,8.42,316.49,1011.46,53.1,94.74,51.94,94.01,7.8,60.0,1008.71,
2024-12-31 00:00:00+07:00,27.75,27.0,31.0,0.0,8.98,30.78,1010.58,38.28,72.53,37.05,70.22,5.95,44.75,920.88,
